{"x":342.38795325114006,"y":288.26834323648154,"height":30,"width":40}