{"Ant":{"angle":[19189.500000003867,19189.600000003866,19189.700000003864],"pos":[[266.76137185947573,11.471701786069247],[287.0903139627556,41.58850944706455],[307.4190516973147,71.70589104213909]]}}