{"Ant":{"angle":[33266.999999799016,33267.099999799015,33267.19999979901],"pos":[[367.73411320697574,91.07219240859818],[387.923972525802,121.36510942080494],[408.1133203190859,151.65835735372838]]}}