{"Ant":{"angle":[281.09999999999854,281.1999999999985,281.29999999999853],"pos":[[161.49560669482355,396.25853279845],[181.15312975601066,426.1910310698393],[200.81077115150154,456.1229317093236]]}}