{"Ant":{"angle":[11909.100000025139,11909.20000002514,11909.30000002514],"pos":[[25.245555435582958,102.73292383862825],[45.415584588848674,132.4280680956529],[65.5861455565182,162.12350957370842]]}}