{"Ant":{"angle":[24463.799999927116,24463.899999927115,24463.999999927113],"pos":[[7.9412629355909985,255.79822145215925],[27.84416923903376,285.46293090491076],[47.74766088246474,315.12747140796705]]}}