{"Ant":{"angle":[6019.800000003714,6019.900000003714,6020.000000003714],"pos":[[235.41694805115733,396.83912159614414],[255.07334520563518,426.90063599716063],[274.72963552061816,456.96155060469295]]}}