{"Ant":{"angle":[413.999999999991,414.099999999991,414.19999999999095],"pos":[[82.4429495414799,38.19660112502902],[102.72552865281664,67.99167191085925],[123.00846500253137,97.78723620215311]]}}