{"Ant":{"angle":[53459.09999950518,53459.19999950518,53459.29999950518],"pos":[[399.97532646920183,196.8585348106102],[419.9805047777445,227.20756220507957],[439.9850739109885,257.5565981058215]]}}