{"Ant":{"angle":[8899.200000014189,8899.30000001419,8899.40000001419],"pos":[[237.47626286849862,396.4574501550175],[257.1333230284457,426.5225593179193],[276.7902700738566,456.58706983902243]]}}