{"Ant":{"angle":[48955.49999957072,48955.59999957072,48955.699999570716],"pos":[[0.6165333709443814,215.691820639437],[20.58944966957833,245.34380711943294],[40.562973407332976,274.99574685955406]]}}