{"Ant":{"angle":[272.09999999999906,272.199999999999,272.29999999999905],"pos":[[192.67125825869206,399.8656787557314],[212.32243818249944,429.85258328212433],[231.97364149349144,459.83887902288933]]}}