{"Ant":{"angle":[3245.099999998308,3245.1999999983077,3245.2999999983076],"pos":[[0.7917869173211045,182.22114063259409],[20.82312027627046,211.87348396632794],[40.85506036253787,241.5258825165704]]}}