{"Ant":{"angle":[55821.5999994708,55821.6999994708,55821.7999994708],"pos":[[14.044702142333989,126.37509118058809],[34.17348501016869,156.05065026158783],[54.302833937803285,185.7264346051104]]}}