{"Ant":{"angle":[12151.20000002602,12151.30000002602,12151.40000002602],"pos":[[195.81151593252707,399.95613669306704],[215.4625331946382,429.94852186247897],[235.1135642786715,459.9402979540176]]}}